#File,SHA-1
package-lock.json,3ce465088a106d56c5e034503ee3f8d913def042
package.json,ee4f466f6e07379bf020a9e0221734765c52cb9d
src/main/webapp/404.html,277448c1ceebc070e8e616405cf0d38a137ff3d7
src/main/webapp/WEB-INF/web.xml,f3577fd846ec450b1c1687c78d076c2b99e075c2
src/main/webapp/app/_bootstrap-variables.scss,f11747cffdb465cc37c01840db09e489bdd5a5a7
src/main/webapp/app/app.scss,3ba30210e2035c672533e01c5d7d1447d36f792a
src/main/webapp/app/app.tsx,7407785ff851676bfa3e6b7fea9706c121df83b0
src/main/webapp/app/config/axios-interceptor.spec.ts,afa2f52378856fef8b614e208c049701c837c667
src/main/webapp/app/config/axios-interceptor.ts,501d3892b8cade03f93b6829472d481283f70a3e
src/main/webapp/app/config/constants.ts,9c43864abf55ee5b743353be33fbc5965fc0ba27
src/main/webapp/app/config/dayjs.ts,ea85d7000017e15c0d02c4f361595391445ec213
src/main/webapp/app/config/error-middleware.ts,06e58000a0d7a7cafdfbfb49ef52d21e79d6b53b
src/main/webapp/app/config/icon-loader.ts,9099d9cc8071f2645f4409657abf0034c2dc07dd
src/main/webapp/app/config/logger-middleware.ts,c06e5391ba3e221c78b20156c8cf7a0d8ad25cf3
src/main/webapp/app/config/notification-middleware.spec.ts,475918afecefaefe1f4ef3471bcf42552d0772fc
src/main/webapp/app/config/notification-middleware.ts,ed4e0635e7f1182971baa98a52222ad63685c48f
src/main/webapp/app/config/store.ts,e89813baaac67f5fe40370a2299113007141d279
src/main/webapp/app/entities/disposition/disposition-delete-dialog.tsx,8254fa052a8dd54fcaa4f2971178b689d6e24e8b
src/main/webapp/app/entities/disposition/disposition-detail.tsx,a3d45ac262d672257e23fffa276d70806eb66a1c
src/main/webapp/app/entities/disposition/disposition-reducer.spec.ts,aafbfb14b24a2c6b96c333dcbc7815da3acb116c
src/main/webapp/app/entities/disposition/disposition-update.tsx,6fe64bb4baf5dad86006333ea84697e7671abb0e
src/main/webapp/app/entities/disposition/disposition.reducer.ts,33f6d1c84a3e7aad34b741bd101b167d420b523c
src/main/webapp/app/entities/disposition/disposition.tsx,fd3e83966250453ff8f49740899e28d7f991c815
src/main/webapp/app/entities/disposition/index.tsx,bdaa931583932f206a6cc4782db4bdc0622f2f58
src/main/webapp/app/entities/image/image-delete-dialog.tsx,671ed83443a0d36ff202cd4173a05d80c2098445
src/main/webapp/app/entities/image/image-detail.tsx,4eb9b99d27a9f1e42dd30d07eb6d0b24aec22abe
src/main/webapp/app/entities/image/image-reducer.spec.ts,aff500db0b1c300d3132016179bbc88e812daa1b
src/main/webapp/app/entities/image/image-update.tsx,5f7c5162f8697146725125af0bba0d2890bcb829
src/main/webapp/app/entities/image/image.reducer.ts,e55ea78a5dc97cb8be4024237b682c2d98cbff88
src/main/webapp/app/entities/image/image.tsx,78fe399afce069f9fe0599b0f6a725e8ab3e5ad1
src/main/webapp/app/entities/image/index.tsx,b07e48bb033f884c10fa368e9600fa111fd0a0b3
src/main/webapp/app/entities/meme/index.tsx,dc075f1d1ad75e0a427465188cf36bad9aa9f53f
src/main/webapp/app/entities/meme/meme-delete-dialog.tsx,35fd34d7e70cd1e7a514bf563dbe3b13094379c1
src/main/webapp/app/entities/meme/meme-detail.tsx,a7f495f55062ff1359caf32c7ccb526aaefe2cb7
src/main/webapp/app/entities/meme/meme-reducer.spec.ts,4561f55c6e51c113d4a5bbe55efb9dbd04b6bd0f
src/main/webapp/app/entities/meme/meme-update.tsx,7a50067a7958f209c0304d0a9490ec977fb098e7
src/main/webapp/app/entities/meme/meme.reducer.ts,9e6a9fc288df54c2300d11470e120288cfb4d1db
src/main/webapp/app/entities/meme/meme.tsx,7c357bc248e305e9cb9d6ec25d6b1bee98938074
src/main/webapp/app/entities/menu.tsx,aa87d4ee5a9e335a5da5850e2f9ca47850dcf6d7
src/main/webapp/app/entities/reducers.ts,0c461ed8a9f94a8d75f1f90209b58faaf6595f09
src/main/webapp/app/entities/routes.tsx,c2f66835cf1fc2b6147c8d9fe3cf65576680c239
src/main/webapp/app/entities/text/index.tsx,d6894c999d4f9cfccbdc954a47bda266c3fe2213
src/main/webapp/app/entities/text/text-delete-dialog.tsx,c2fa9eadf3fbb98b39c5514f488acd8733e44c10
src/main/webapp/app/entities/text/text-detail.tsx,dfc291a62b208a97eee2346dbf6e97126e5c07dc
src/main/webapp/app/entities/text/text-reducer.spec.ts,d75d9ccd0f96eed96efb9997adf5404408ba247f
src/main/webapp/app/entities/text/text-update.tsx,04b3bbe6f62b37b66d4556906fb8a1fd9a1a5dd7
src/main/webapp/app/entities/text/text.reducer.ts,6a54f72cf46175d9397f7118c6c2aa67d844b872
src/main/webapp/app/entities/text/text.tsx,e6589fed5a5008f55f4f016cd95b8cd92509e0d5
src/main/webapp/app/index.tsx,36dbf5177c387213f5fbb39faed0a6b524d4c3db
src/main/webapp/app/modules/account/activate/activate.reducer.spec.ts,413401287bd9b4ff090f3e9b67b87015b49052ad
src/main/webapp/app/modules/account/activate/activate.reducer.ts,ccb487a03e908c0d53c49ba8c7e6d28a02eab395
src/main/webapp/app/modules/account/activate/activate.tsx,b42696444f72c27cc1944de5e1f7704bfd3de4dd
src/main/webapp/app/modules/account/index.tsx,6fc3eb5bbfb8a76a88c04d90415fe748d3f2023c
src/main/webapp/app/modules/account/password-reset/finish/password-reset-finish.tsx,6680685e84b7b4348869a01359dd5572e5ba14f3
src/main/webapp/app/modules/account/password-reset/init/password-reset-init.tsx,5a0cbda87a6fbe0bbbd73b51b2f1d359bad19839
src/main/webapp/app/modules/account/password-reset/password-reset.reducer.ts,376b9fd92db44d51c48bc367f3a5041ffae67272
src/main/webapp/app/modules/account/password/password.reducer.spec.ts,60c708df96336ca7d2cf8a91e3bfd6b8fbcd8d2f
src/main/webapp/app/modules/account/password/password.reducer.ts,14c4c8176637a146d346a0ef55adcfcfbe880638
src/main/webapp/app/modules/account/password/password.tsx,02f76964ce11a7812eb695702723b1ea2fad7e50
src/main/webapp/app/modules/account/register/register.reducer.spec.ts,4ebba46c3c31f763658faf4edfc788067c20c5c7
src/main/webapp/app/modules/account/register/register.reducer.ts,ea3d9611d887a5bc71d87c04b6d76630c861e721
src/main/webapp/app/modules/account/register/register.tsx,f92d503ebd00c86b746703bcfef5bb62e48fdb2b
src/main/webapp/app/modules/account/settings/settings.reducer.spec.ts,bb6cda06c27bf46c73167b5ace4bef3e0584d868
src/main/webapp/app/modules/account/settings/settings.reducer.ts,0ecffaff12ee31d019d118c864e6f24c89e49028
src/main/webapp/app/modules/account/settings/settings.tsx,5d5dddb3574c67d7fec069bf2efad4e532c13afe
src/main/webapp/app/modules/administration/administration.reducer.spec.ts,eac26f9aecefbb6e051a1476286d3dc9d5915a8e
src/main/webapp/app/modules/administration/administration.reducer.ts,fe29145ffd7a5fbdb59faec362a474fce66a8cf4
src/main/webapp/app/modules/administration/configuration/configuration.tsx,7a0b2417d93c6e38278260476135efdde9a2c2fd
src/main/webapp/app/modules/administration/docs/docs.scss,b2d84d706c34e9f2287429d1135921844bab7425
src/main/webapp/app/modules/administration/docs/docs.tsx,c6c7e74d74b621dbda16d8386e045aef8377b0f3
src/main/webapp/app/modules/administration/health/health-modal.tsx,2ab5f275f2ad1373f751a7468665064f07ff188d
src/main/webapp/app/modules/administration/health/health.tsx,c035dbbae03339ae09df1096bf44110fa2c413af
src/main/webapp/app/modules/administration/index.tsx,491ae49ce5015acb5a75d120e3034f02c4473a27
src/main/webapp/app/modules/administration/logs/logs.tsx,fe4ff9d4eba80ff9020b02c80d2e10e8badf581b
src/main/webapp/app/modules/administration/metrics/metrics.tsx,cc24083d9169c32b32c2c2f297433893a468316e
src/main/webapp/app/modules/administration/user-management/index.tsx,89a52860bed92674e66c06171c1940e6f4d84846
src/main/webapp/app/modules/administration/user-management/user-management-delete-dialog.tsx,28810c9425197ede690229e9d97b3775f2812f17
src/main/webapp/app/modules/administration/user-management/user-management-detail.tsx,d6e3ca1c8aae560df00916bf9426b9e959b58fd0
src/main/webapp/app/modules/administration/user-management/user-management-update.tsx,3edbab19af477b6384d41a8c79945f1855bad28c
src/main/webapp/app/modules/administration/user-management/user-management.reducer.spec.ts,858b6760e90201caec5c0b2bfee122fe99e48d5e
src/main/webapp/app/modules/administration/user-management/user-management.reducer.ts,c4db24b027f26d07df58d2bb865d2dfcfa8cb971
src/main/webapp/app/modules/administration/user-management/user-management.tsx,a1baa7e586484614c39aacf914c73db1bb5c75cc
src/main/webapp/app/modules/home/home.scss,78342afafe06ecbee81a34bf0c8631022a3c1a97
src/main/webapp/app/modules/home/home.tsx,da7092733a9a6fca49114372e0ab8a4eaaa3a057
src/main/webapp/app/modules/login/login-modal.tsx,3e90817521b8125a2b4674462c771bc4663196da
src/main/webapp/app/modules/login/login.tsx,ace086675c1768158ebc3759270a6c73ae3af942
src/main/webapp/app/modules/login/logout.tsx,596a325811870a3f7fd090b3c6f580c7d033c8b4
src/main/webapp/app/routes.tsx,2e8725454f06cd15f7583d060309ff0915e4ec65
src/main/webapp/app/setup-tests.ts,b55be73a50f3d0d29c99022aba6867f9bb12bdbf
src/main/webapp/app/shared/DurationFormat.tsx,f5f6a6703c13cab1a458a9c352e0c38687c41e0e
src/main/webapp/app/shared/auth/private-route.spec.tsx,5d49fd8008eb483b4d2777fe072cbd652269161e
src/main/webapp/app/shared/auth/private-route.tsx,e8620f7e6636fb2ca85da34d6e7016ff5662a89e
src/main/webapp/app/shared/error/error-boundary-routes.spec.tsx,0a4f75e47da51de962a6bde51936fef978c58c42
src/main/webapp/app/shared/error/error-boundary-routes.tsx,f17afcc700c717c613edf8e08c7f40836e0adff3
src/main/webapp/app/shared/error/error-boundary.spec.tsx,2564b3bb0e38d4424a401d5a4797580a411efddd
src/main/webapp/app/shared/error/error-boundary.tsx,472182d082ec86ef3c10af824986b20821a0664f
src/main/webapp/app/shared/error/page-not-found.tsx,ae804c98b24a18c5c6f93875683b231e47eae56e
src/main/webapp/app/shared/layout/footer/footer.scss,d3cac62246d4863510099354d1d41fa13b549ab0
src/main/webapp/app/shared/layout/footer/footer.tsx,6fb72d4e3b53091a65c89f22caacc91f510a1df1
src/main/webapp/app/shared/layout/header/header-components.tsx,104a6ab027fbfe4320117c355909e95b858a8e9b
src/main/webapp/app/shared/layout/header/header.scss,5fdb2d53c7181f9cdadaba094967e71a1ef7d797
src/main/webapp/app/shared/layout/header/header.spec.tsx,d8e3638474c5e7ee27f8392528c28e7d41a68f66
src/main/webapp/app/shared/layout/header/header.tsx,aaa9abcc24ea58e9a77f30f7b946d8af6e03f80f
src/main/webapp/app/shared/layout/menus/account.spec.tsx,912e5263f340b3043e76ee8d1eb6b9327e547b11
src/main/webapp/app/shared/layout/menus/account.tsx,3fb9e24e6691b28f69d42a1459d324d7d04313fd
src/main/webapp/app/shared/layout/menus/admin.tsx,678998e06b7d5ab697376b01a0d009de783bca08
src/main/webapp/app/shared/layout/menus/entities.tsx,a4c630d23cf1cf297f4456c5a5eb349e048e0a39
src/main/webapp/app/shared/layout/menus/index.ts,ea13a27c1f08c685163b6f91fb2e1a265f76a55b
src/main/webapp/app/shared/layout/menus/menu-components.tsx,b18066b952ba858edd972cadcdde05a2dfb7fe82
src/main/webapp/app/shared/layout/menus/menu-item.tsx,ce336d9ef4fb2d4bf10cf8a352fbd41dc1334aaf
src/main/webapp/app/shared/layout/password/password-strength-bar.scss,9d5c04beb3d647cac81dfffa450f2749126b7c7d
src/main/webapp/app/shared/layout/password/password-strength-bar.tsx,54167ac315405f4a42a58ec6a117f614235fa8d9
src/main/webapp/app/shared/model/disposition.model.ts,39174c1db2626c5ec8d6a8a6f17e6adb9e2f0230
src/main/webapp/app/shared/model/enumerations/tags.model.ts,b7cadce43e24e916557aaad15f32d4e1f22880a6
src/main/webapp/app/shared/model/image.model.ts,70beee0c613799763e2ecb904e0eae028c119046
src/main/webapp/app/shared/model/meme.model.ts,4c5cd246275609bfad556373696d9af66d363ae3
src/main/webapp/app/shared/model/text.model.ts,9b0a47c635f1d6ea8491ee9aa2066cc9ac62a1db
src/main/webapp/app/shared/model/user.model.ts,f36836eba81c142a12eed396cd72645ff12d0bbc
src/main/webapp/app/shared/reducers/application-profile.spec.ts,0444baa2901d1c387ed5f83c0c9926af7b267638
src/main/webapp/app/shared/reducers/application-profile.ts,bbb4ad59ebe6d3bb0f310db879f63bb044548f31
src/main/webapp/app/shared/reducers/authentication.spec.ts,3cfdab33a64746fe57e33f1b20e426f083f9b492
src/main/webapp/app/shared/reducers/authentication.ts,8f3c973c13a6805768a682a3bef3498a18ce28f8
src/main/webapp/app/shared/reducers/index.ts,012a3e070b0190ccda282fd2f92ee6c0cefe6452
src/main/webapp/app/shared/reducers/reducer.utils.ts,513bba3dc7a4f84699cbbaeec6124391179a1386
src/main/webapp/app/shared/util/date-utils.ts,ff23c7a43055f72fb9d82cce5216aea96c1fe083
src/main/webapp/app/shared/util/entity-utils.spec.ts,6670c1a8ed9ce8fa9542538c8303b405e444335f
src/main/webapp/app/shared/util/entity-utils.ts,25cdae4f4ecc392a31fd204914d4f0b5b7f209f5
src/main/webapp/app/shared/util/pagination.constants.ts,2259d10abbaabd7777dbe59c827f43a72691e459
src/main/webapp/app/typings.d.ts,7e744d2f398e3ea5369c4c45e473e7b510289ca4
src/main/webapp/content/css/loading.css,013e341c9cb1e6abb93f94924af393026311511d
src/main/webapp/content/images/jhipster_family_member_0.svg,d74ed3591e3a916224096cef4f87dc3bd7479386
src/main/webapp/content/images/jhipster_family_member_0_head-192.png,df480d17864835a76db4abd997176e13cfa38d2c
src/main/webapp/content/images/jhipster_family_member_0_head-256.png,ec1cd28328e885231c2d9a451cc46a8d4f10d6f4
src/main/webapp/content/images/jhipster_family_member_0_head-384.png,55c081b847a19807b34b48e31e63a464a2726d4e
src/main/webapp/content/images/jhipster_family_member_0_head-512.png,6cf7f74775338ab98de40ef589c68337fe8e859c
src/main/webapp/content/images/jhipster_family_member_1.svg,61a207bca2c8b0dac21fc945d2f2505e4b5d3a30
src/main/webapp/content/images/jhipster_family_member_1_head-192.png,ba95a15a915e98e756f8c0f6202cbb7146913d7a
src/main/webapp/content/images/jhipster_family_member_1_head-256.png,ae556422471b55c075155b881fa3d5ee646f968a
src/main/webapp/content/images/jhipster_family_member_1_head-384.png,0270ae0a742ebc7eaef16840d708a06663723204
src/main/webapp/content/images/jhipster_family_member_1_head-512.png,a432afd937aae212f7a5ea3b0285bd74b7358812
src/main/webapp/content/images/jhipster_family_member_2.svg,4b05e0217c9e27910087f76aa24a5699f7a3a30e
src/main/webapp/content/images/jhipster_family_member_2_head-192.png,7daaed3c0c953917ad905857627dbfc6466856af
src/main/webapp/content/images/jhipster_family_member_2_head-256.png,67f06e7a90ac379846940f1332d9d10398c49ae5
src/main/webapp/content/images/jhipster_family_member_2_head-384.png,7a0f8b1cc27ec81ce80bc1903f6faa2dab5524d9
src/main/webapp/content/images/jhipster_family_member_2_head-512.png,ee068745494bc8e72479d25287f2f80934f38c6d
src/main/webapp/content/images/jhipster_family_member_3.svg,0690f4141a25d739ed9429b0b315cc94196a3644
src/main/webapp/content/images/jhipster_family_member_3_head-192.png,58b5043c79afe05573cd8c3f7c23cc84c96ca362
src/main/webapp/content/images/jhipster_family_member_3_head-256.png,ee0fd7e4d2c0882650575bbaca55dee69dcaa064
src/main/webapp/content/images/jhipster_family_member_3_head-384.png,cf311c64f4d6762559ab3063521524f736f0975a
src/main/webapp/content/images/jhipster_family_member_3_head-512.png,97e81d97579be35f112fa057028887fbb80f962c
src/main/webapp/content/images/logo-jhipster.png,e1e46028ec092ca351425b07707fcdd52146b0b3
src/main/webapp/favicon.ico,69547cd4a95b59ac7e6818b6eb82befa061d0c16
src/main/webapp/index.html,fc9c5e173393b919458a9b530591f358fa1f1c29
src/main/webapp/manifest.webapp,8be3299e52d5211cf88679c2500c804c4a68da43
src/main/webapp/robots.txt,85dff18c84fe266335d06b070f89d291c46290e3
src/main/webapp/swagger-ui/dist/images/throbber.gif,4defd79f66e824ab7a3dc0e179904cc71a363439
src/main/webapp/swagger-ui/index.html,5c601f0c81c7820fab951869c8c7f40eae3c0c5f
target/classes/static/account.9afe5e4e.chunk.js,5359b2b1c2f330905aad047a4bc98213d3127402
target/classes/static/account.9afe5e4e.chunk.js.map,76e73e1450a061678094cb601c580c85940c3800
target/classes/static/administration.cb269d50.chunk.js,ba1daedcb4b855c8f9bf2eb36191cdbeff2ec542
target/classes/static/administration.cb269d50.chunk.js.map,5556a01dfd0e7e0ee5debc7cd8c73a82c2ec778a
target/classes/static/c0285e5e9ebdce9056be.svg,d74ed3591e3a916224096cef4f87dc3bd7479386
target/classes/static/content/css/loading.css,013e341c9cb1e6abb93f94924af393026311511d
target/classes/static/content/images/jhipster_family_member_0.svg,d74ed3591e3a916224096cef4f87dc3bd7479386
target/classes/static/content/images/jhipster_family_member_0_head-192.png,df480d17864835a76db4abd997176e13cfa38d2c
target/classes/static/content/images/jhipster_family_member_0_head-256.png,ec1cd28328e885231c2d9a451cc46a8d4f10d6f4
target/classes/static/content/images/jhipster_family_member_0_head-384.png,55c081b847a19807b34b48e31e63a464a2726d4e
target/classes/static/content/images/jhipster_family_member_0_head-512.png,6cf7f74775338ab98de40ef589c68337fe8e859c
target/classes/static/content/images/jhipster_family_member_1.svg,61a207bca2c8b0dac21fc945d2f2505e4b5d3a30
target/classes/static/content/images/jhipster_family_member_1_head-192.png,ba95a15a915e98e756f8c0f6202cbb7146913d7a
target/classes/static/content/images/jhipster_family_member_1_head-256.png,ae556422471b55c075155b881fa3d5ee646f968a
target/classes/static/content/images/jhipster_family_member_1_head-384.png,0270ae0a742ebc7eaef16840d708a06663723204
target/classes/static/content/images/jhipster_family_member_1_head-512.png,a432afd937aae212f7a5ea3b0285bd74b7358812
target/classes/static/content/images/jhipster_family_member_2.svg,4b05e0217c9e27910087f76aa24a5699f7a3a30e
target/classes/static/content/images/jhipster_family_member_2_head-192.png,7daaed3c0c953917ad905857627dbfc6466856af
target/classes/static/content/images/jhipster_family_member_2_head-256.png,67f06e7a90ac379846940f1332d9d10398c49ae5
target/classes/static/content/images/jhipster_family_member_2_head-384.png,7a0f8b1cc27ec81ce80bc1903f6faa2dab5524d9
target/classes/static/content/images/jhipster_family_member_2_head-512.png,ee068745494bc8e72479d25287f2f80934f38c6d
target/classes/static/content/images/jhipster_family_member_3.svg,0690f4141a25d739ed9429b0b315cc94196a3644
target/classes/static/content/images/jhipster_family_member_3_head-192.png,58b5043c79afe05573cd8c3f7c23cc84c96ca362
target/classes/static/content/images/jhipster_family_member_3_head-256.png,ee0fd7e4d2c0882650575bbaca55dee69dcaa064
target/classes/static/content/images/jhipster_family_member_3_head-384.png,cf311c64f4d6762559ab3063521524f736f0975a
target/classes/static/content/images/jhipster_family_member_3_head-512.png,97e81d97579be35f112fa057028887fbb80f962c
target/classes/static/content/images/logo-jhipster.png,e1e46028ec092ca351425b07707fcdd52146b0b3
target/classes/static/favicon.ico,69547cd4a95b59ac7e6818b6eb82befa061d0c16
target/classes/static/index.html,c5f8154dc02e4273aefa7d66a4fe1e7edd3cdac0
target/classes/static/main.bf78ed1c.js,f2f9a4a62523a2d563660a967bd93e47d7765899
target/classes/static/main.bf78ed1c.js.map,0627775ff3f4a03a64d78cb5ecdbb4a14d2acbb3
target/classes/static/manifest.webapp,8be3299e52d5211cf88679c2500c804c4a68da43
target/classes/static/robots.txt,85dff18c84fe266335d06b070f89d291c46290e3
target/classes/static/swagger-ui/absolute-path.js,27e42f7871bbac388e15d373642643a9c0ce2be3
target/classes/static/swagger-ui/axios.min.js,1423712131ca1c1471097aae1bf41332aaccb491
target/classes/static/swagger-ui/dist/images/throbber.gif,4defd79f66e824ab7a3dc0e179904cc71a363439
target/classes/static/swagger-ui/favicon-16x16.png,3ff0a4d0a54de5e744a382349822165a6b6994ed
target/classes/static/swagger-ui/favicon-32x32.png,8ca50b59019f7f17c65b77ea4f90a1b1a46ac0b6
target/classes/static/swagger-ui/index.css,71586906338f69420aa4cf1d3494fee8c533f11a
target/classes/static/swagger-ui/index.html,5c601f0c81c7820fab951869c8c7f40eae3c0c5f
target/classes/static/swagger-ui/index.js,188642650e853f572a8c7191ba21bf1d5e1b3e5b
target/classes/static/swagger-ui/oauth2-redirect.html,e1d0985cc80073d9ad24ed54e1350902b1b4651c
target/classes/static/swagger-ui/swagger-initializer.js,c434dd8fbfa625a10351681d3037ee79d5682207
target/classes/static/swagger-ui/swagger-ui-bundle.js,141b30f1626b9b8b9fe5a77789e0ffc5d721714b
target/classes/static/swagger-ui/swagger-ui-es-bundle-core.js,2ca8609d4b8a276e7f65003a312e11ea06ce3d52
target/classes/static/swagger-ui/swagger-ui-es-bundle.js,f0141fc626581cf9b2be4537e954c72e942af959
target/classes/static/swagger-ui/swagger-ui-standalone-preset.js,445c95a78f8eaaa80e5ab43d5413d01520130b87
target/classes/static/swagger-ui/swagger-ui.css,6758a0a50bb76e06a783422acd96cc417e486f5e
target/classes/static/swagger-ui/swagger-ui.js,1717f1f344a8904ea00811420de393067f952fef
tsconfig.json,9129842122b62697d61dcf17e3e802566ff9496b
webpack/environment.js,542bd9c73e5d1b7ec452c0df9a1d9a8bbb7aa863
webpack/logo-jhipster.png,f1671a819ca95d37e86e20da335b66ac67dd6210
webpack/utils.js,4da91113a5b225f04139fe0648fb940d22b15a36
webpack/webpack.common.js,e1e2373deeabc310f98fb805cf18425116f77652
webpack/webpack.dev.js,eeb829864189075475ff5b050e13ca74cf6c507f
webpack/webpack.prod.js,1c9e1ebac9ad3e7f82d6e0b2cfa4bfb2375924e3
